Word,Frequency
金,299
庸,29
全,650
集,92
之,6959
《,301
笑,2409
傲,56
江,562
湖,524
》,301

,42705
作,614
者,443
:,1
整,63
理,444
制,173
，,68194
并,621
提,453
供,40
下,4972
载,85
一,15543
　,20
灭,84
门,2463
和,2616
风,1036
熏,9
柳,31
花,522
香,109
醉,60
人,10564
正,1413
是,13407
南,438
国,84
春,24
光,1477
漫,18
烂,93
季,13
节,93
。,22665
福,314
建,74
省,48
州,134
府,77
西,338
大,7094
街,71
青,817
石,455
板,153
路,494
笔,239
直,552
的,13825
伸,527
展,107
出,3878
去,3671
通,276
座,132
构,8
宏,15
伟,44
宅,24
第,536
前,1682
左,1447
右,563
两,1938
坛,70
中,5364
各,495
竖,30
根,424
丈,411
来,7022
高,1403
旗,140
杆,37
顶,234
飘,89
扬,218
首,290
上,5547
黄,382
色,710
丝,183
线,63
绣,54
着,2493
头,2695
张,404
牙,61
舞,82
爪,13
、,2334
神,975
态,41
威,326
猛,120
雄,428
狮,13
子,5351
随,407
招,1616
显,381
得,5783
更,688
奕,10
若,1144
生,1969
有,5512
对,1715
黑,656
蝙,1
蝠,1
翅,7
飞,339
翔,5
“,14247
镖,453
局,301
”,14154
四,1176
个,3547
字,687
银,138
钩,10
铁,362
划,92
刚,197
劲,181
非,808
凡,65
朱,21
漆,37
茶,134
杯,263
小,2313
铜,42
钉,39
闪,276
发,808
匾,21
额,61
写,144
面,1028
横,159
书,166
总,363
号,187
进,622
处,884
排,114
长,1727
凳,18
分,964
坐,526
八,668
名,1338
装,185
结,226
束,54
汉,457
腰,213
挺,159
股,145
英,316
悍,15
气,1757
突,653
然,3335
间,1111
后,2077
院,120
马,531
蹄,61
声,3776
响,473
那,4609
齐,465
站,450
起,2139
抢,210
只,3844
见,3557
侧,197
冲,6637
五,1275
骑,88
沿,29
道,14245
到,4252
当,2666
先,1031
匹,80
身,2984
雪,129
白,959
勒,31
脚,452
镫,1
都,1933
打,1046
就,1387
鞍,12
锦,47
衣,318
少,1350
年,1119
约,111
莫,401
十,1689
九,261
岁,138
纪,125
肩,210
停,143
猎,19
鹰,10
悬,69
宝,231
剑,5308
背,418
负,141
弓,22
泼,31
喇,38
纵,309
疾,171
驰,79
跟,1151
布,235
短,127
行,1556
口,1579
三,1695
叫,1831
了,13207
：,13486
又,3076
啦,316
！,2420
哈,744
鞭,63
在,5820
空,301
拍,292
虚,404
击,348
胯,5
昂,17
嘶,28
史,85
今,628
儿,1284
再,1515
抬,168
野,101
猪,29
回,813
伙,217
好,3215
饱,32
餐,15
顿,169
条,373
尾,35
巴,53
不,17455
你,7752
可,2818
别,717
灌,33
汤,35
众,1124
早,547
远,548
城,528
林,2510
平,1602
双,793
腿,197
轻,774
挟,34
翻,144
腾,41
片,312
刻,646
便,3934
将,2306
抛,73
离,200
他,8331
山,3865
坡,62
放,601
从,1136
赶,203
兔,27
取,362
旁,585
箭,76
袋,60
支,68
雕,14
翎,1
弯,75
搭,65
刷,132
应,393
而,1732
倒,885
待,379
要,2624
射,110
时,2648
另,332
却,2118
钻,69
入,839
草,211
丛,120
郑,142
听,2349
趟,36
手,4232
二,1549
快,807
这,8462
里,1383
鸡,67
过,2940
雉,2
竟,783
没,1628
急,592
向,2747
半,886
抽,100
力,1215
波,38
羽,13
毛,90
散,149
说,5844
兀,91
也,4230
追,211
逐,72
鸟,19
兽,25
陈,57
七,488
凑,32
兴,167
物,401
自,3181
己,1295
良,152
机,259
多,1708
辰,76
獐,1
类,50
犹,91
未,700
足,507
咱,964
们,3003
边,431
找,322
心,3618
想,2458
凭,107
性,506
天,1976
决,490
肯,227
罢,440
夫,1237
埋,54
怨,63
晚,480
尖,239
伤,1041
明,1066
知,2324
论,232
甚,2808
么,3498
话,1370
难,1148
劝,99
动,1041
位,1485
任,1121
但,1731
爱,228
异,289
常,260
能,1463
让,419
它,15
稍,110
损,75
宛,28
驹,25
外,844
婆,1040
洛,67
阳,222
重,784
价,30
觅,19
日,1567
送,315
给,1297
果,352
怕,700
我,8703
龙,98
聪,59
紧,307
会,1582
踏,116
吧,13
摔,145
破,418
屁,109
兜,16
转,855
原,688
北,176
阵,251
才,1014
尽,545
缓,330
挑,151
酒,948
喝,861
怎,1179
样,671
？,6077
新,148
鲜,166
肉,161
炒,4
假,164
经,366
事,1719
请,578
够,93
懒,21
洋,109
跃,258
步,799
走,1206
肆,28
往,348
店,198
主,1369
老,2070
蔡,23
已,2182
接,362
缰,18
味,91
啊,563
真,1238
法,2011
如,2334
世,385
奉,135
承,90
番,228
此,2428
静,365
悄,87
地,1392
炉,7
女,1079
鬟,1
插,132
荆,8
钗,4
料,410
水,391
脸,971
呢,245
牵,56
拉,226
开,1082
用,822
袖,125
拂,27
灰,50
尘,42
相,1280
陪,132
席,50
内,983
堂,215
咳,39
嗽,21
客,280
官,284
方,1755
音,626
还,1403
斤,41
竹,192
叶,125
哪,646
换,83
瞒,56
姓,459
萨,92
本,900
氏,51
幼,73
做,689
意,1262
媳,12
妇,246
死,1315
树,171
千,604
落,470
归,158
带,304
孙,89
故,184
乡,36
家,1352
亲,402
戚,6
朋,314
友,407
干,747
卖,79
唉,108
算,591
受,549
惭,57
愧,69
低,402
托,88
木,502
盘,153
等,973
筷,14
壶,47
桌,145
始,193
终,388
敢,647
瞧,998
眼,1463
形,243
婀,5
娜,5
肤,35
黝,7
粗,100
糙,3
似,579
痘,2
瘢,3
容,327
貌,129
丑,77
她,2038
初,126
勾,66
举,292
止,156
硬,120
拿,329
交,473
洗,84
剥,35
净,121
盆,86
爷,331
些,1013
牛,66
蚕,5
豆,27
吩,64
咐,82
端,201
公,581
侠,283
仗,85
义,228
挥,194
土,58
菜,87
倘,546
合,268
胃,14
钱,93
月,404
赚,3
谢,196
斟,50
仰,108
脖,9
舌,69
舐,6
嘴,193
唇,33
变,386
忽,524
乘,205
奔,335
倏,24
碗,182
川,42
穿,184
袍,62
系,95
榕,3
晃,185
即,869
刺,615
缠,93
斯,16
文,113
扮,82
赤,27
无,2689
耳,284
麻,118
鞋,32
所,1380
乃,161
诸,175
葛,51
亮,112
逝,32
为,2234
戴,57
孝,13
武,1383
侯,23
遗,79
深,457
以,1587
仍,293
免,343
希,59
奇,557
模,148
透,85
古,222
怪,619
格,156
把,380
累,70
坏,130
问,1370
虽,756
清,721
脆,29
怔,125
颏,9
惜,122
吃,504
惊,722
忙,325
退,346
余,1109
兄,1262
弟,2296
姑,705
娘,768
材,84
蛋,81
嘛,24
泥,69
榴,2
皮,146
东,635
狗,159
崽,24
撒,34
贾,97
骂,400
猜,104
谁,595
像,234
母,139
眉,161
目,445
秀,39
俊,46
美,228
消,119
男,213
挤,40
弄,78
势,485
必,659
忍,240
耐,57
住,1275
锡,3
避,226
溅,39
台,118
唱,25
旦,19
引,126
架,178
成,941
胆,188
太,1161
拳,156
脉,135
拖,53
立,512
定,1529
肘,19
撞,191
颈,69
喀,36
垮,5
连,805
脓,6
包,155
被,425
颇,180
尊,139
驾,89
既,514
同,806
冷,871
专,30
掌,1447
术,140
使,810
底,321
祖,392
传,569
云,262
乾,7
坤,7
抓,250
微,803
沉,258
化,260
扫,80
雾,36
看,898
怒,474
踢,132
扶,113
夹,48
帮,209
贼,269
强,421
胜,392
愿,216
助,91
顺,108
拾,101
断,411
叉,16
指,735
艺,73
喊,39
惯,19
嗓,26
洪,48
句,516
懂,66
父,1321
式,287
师,5116
拆,126
解,408
套,121
确,227
蠢,29
实,860
功,1412
碰,93
因,324
临,152
场,206
历,88
富,30
搏,34
斗,423
遭,83
际,107
曾,296
痞,5
恶,308
猫,45
何,1379
绝,407
鼻,101
肿,22
逃,221
夭,19
次,470
骄,15
渐,282
挫,7
觉,680
朗,124
越,598
准,86
乔,15
改,134
红,251
孔,100
愈,95
斜,168
血,476
流,296
襟,32
满,415
蓦,45
识,209
歹,26
龟,74
般,501
逗,13
玩,158
狂,112
骤,15
雨,77
宫,29
记,215
卸,11
诀,116
挡,251
膂,7
砰,79
胸,352
领,206
臂,294
掀,21
槛,4
磕,86
叔,322
欲,217
撇,10
救,497
施,304
戳,41
几,1291
脑,219
…,4266
反,434
震,459
数,931
环,41
滚,138
爬,43
乌,62
王,369
妈,336
杂,50
种,364
奶,180
珠,75
加,410
压,90
触,33
及,426
腹,127
差,149
寸,85
骨,162
痛,279
折,157
星,191
乱,382
冒,81
嗡,38
肚,70
件,311
情,839
思,520
索,144
拔,234
松,216
现,241
恐,110
怖,36
极,884
匕,21
至,330
柄,257
朝,95
夕,26
照,176
吓,142
颗,63
腔,25
跳,149
愕,26
登,361
喷,47
尺,117
观,316
呼,437
爹,916
报,250
掷,64
扑,132
搐,7
抄,26
兵,266
刃,274
阅,18
丰,15
闹,134
命,815
拚,93
瞪,53
视,167
晌,84
割,91
绳,57
尸,247
汩,8
罪,255
活,260
烦,94
该,242
杀,1058
颤,137
办,126
寻,366
代,132
殴,12
且,237
密,93
劫,41
盗,70
告,166
状,79
迩,1
郊,8
关,292
督,12
巡,14
按,129
易,356
皱,84
挪,8
邻,8
近,273
其,898
怀,208
碎,64
掏,17
调,93
戏,64
迫,76
于,1048
奈,42
由,529
脱,238
慢,481
遮,23
掩,75
绿,138
稀,55
耗,34
鬼,192
采,97
案,22
保,147
安,244
赏,30
图,158
漏,49
点,1015
否,288
则,318
迟,111
巧,82
园,18
迹,124
锄,12
覆,29
息,333
棺,17
嚼,12
哼,254
刀,685
百,492
添,12
具,90
妥,58
略,83
宽,72
忐,2
忑,2
厅,111
椅,104
闭,75
愉,10
烟,168
考,14
校,3
辟,337
邪,471
六,1032
堕,30
佛,143
悉,37
责,87
衫,145
凝,149
遇,156
敌,619
钝,6
膀,22
含,89
滴,54
溜,57
绕,51
掸,2
笛,3
精,372
紫,127
俩,47
乳,5
酸,89
很,423
每,316
教,1892
喜,626
讯,84
火,336
替,87
纸,46
媒,9
摇,382
信,248
派,3545
收,232
礼,355
副,98
担,166
移,56
孩,138
闯,36
靠,55
糊,86
屈,90
‘,1147
’,1157
翘,9
拇,20
占,81
车,136
厮,59
较,121
量,148
许,486
言,734
亡,47
单,155
属,180
抚,65
恤,2
剩,45
饭,232
须,462
熟,96
比,613
枪,84
奋,72
谈,106
休,104
吊,37
桶,20
份,71
营,4
广,62
浙,17
苏,6
基,26
业,42
河,87
创,123
秘,192
冤,67
殊,44
欢,250
忡,8
陇,1
复,148
望,363
蜀,4
鄂,5
溯,5
庶,2
陕,9
贵,136
卧,54
虎,56
藏,131
峨,28
嵋,27
秋,254
备,79
厚,161
程,32
寺,336
素,140
斋,5
封,229
厉,297
害,549
俱,69
严,131
嘱,36
恭,176
敬,228
闷,44
居,299
拜,213
隆,13
彩,56
宾,41
称,202
普,39
赌,73
学,450
范,25
闲,228
商,67
舅,5
喧,28
哗,19
促,23
规,122
矩,53
败,563
恼,107
管,188
李,7
厕,8
躺,77
痕,32
冰,56
病,148
围,151
团,121
裳,6
祝,22
仔,25
细,195
查,104
毒,340
帐,85
房,244
董,1
丧,62
吗,333
嗯,69
界,45
潮,24
迢,22
弱,88
尚,480
济,37
嵩,579
泰,245
衡,284
华,1035
恒,868
岳,3384
驱,28
遍,105
聚,86
惹,67
输,208
财,40
矮,139
截,100
逞,18
哟,84
仇,274
缩,106
迎,128
留,232
讨,76
胡,356
娃,44
凶,116
霸,144
峻,22
哀,31
恳,38
厩,4
浮,33
荡,98
毙,49
与,526
争,154
象,42
灯,94
笼,40
裤,27
察,87
周,123
骼,6
捏,89
暴,42
蹊,10
跷,9
瘟,8
疫,7
浑,72
斑,10
途,80
除,203
厢,25
；,123
侮,55
语,364
揪,13
慌,24
靴,7
筒,8
泄,67
究,93
坍,1
完,104
吟,94
或,216
特,50
毕,131
俞,1
凛,62
答,427
肃,17
惶,81
楚,259
乎,256
颜,53
侄,114
赞,139
错,359
计,426
扯,59
敲,35
弹,135
钢,68
搠,1
筋,84
姿,30
拙,19
劣,10
技,51
影,161
幻,41
候,176
呀,15
久,324
闻,230
踱,9
崔,14
稳,56
持,161
遣,41
闩,12
扇,40
吱,7
屋,175
油,96
盏,23
褥,5
箱,19
均,291
搬,27
体,226
倚,43
墙,156
掘,23
认,223
祟,39
软,110
瘫,11
痪,5
亏,65
扒,6
露,242
服,454
失,280
蜡,21
烛,56
熄,26
镇,175
鼓,93
勇,45
灶,8
镬,2
咦,54
循,23
块,236
帕,15
贫,55
淡,133
幽,46
滑,91
甸,10
缎,14
缘,131
角,145
枝,254
珊,984
瑚,1
工,18
致,186
掉,108
床,108
匆,42
俯,56
质,35
洁,19
污,58
秽,17
脏,26
辱,99
险,227
圈,125
付,119
醒,145
呆,139
晦,12
隔,110
懦,3
养,104
耀,24
催,25
妻,134
欺,124
段,66
利,116
砍,194
嗤,92
搓,6
偷,178
摸,163
滥,19
臭,113
铺,66
剜,7
洞,363
涵,3
梨,9
仙,1330
祸,96
哥,1037
岂,339
邀,52
评,37
霹,5
雳,5
爆,14
脾,54
闺,19
元,124
减,30
怦,60
惧,65
寒,121
暗,561
探,98
卫,13
忾,3
携,39
抗,79
舒,47
睡,167
榻,14
护,109
嘿,197
悟,94
贝,15
依,120
附,51
庇,12
忿,27
战,184
危,113
湿,24
顾,158
侵,8
抵,103
枕,26
袜,5
盖,68
薄,98
警,22
兆,10
窗,138
夜,200
黎,11
迭,18
禀,69
朦,25
胧,25
设,90
买,51
骏,26
泪,112
祥,8
厌,46
斥,23
嘈,9
昨,71
访,37
共,124
军,173
吴,25
摆,65
饶,65
浪,51
陡,68
景,85
禁,215
剧,87
烈,70
抖,83
膝,55
喉,95
枯,19
忠,45
坊,2
拱,66
核,9
褚,6
热,187
亦,129
表,43
牌,58
叹,265
抱,165
贤,90
誓,48
激,185
愤,78
井,41
鼠,35
窃,15
握,111
削,108
器,116
衰,21
叱,20
群,1681
魔,447
竭,33
毫,211
踪,66
雷,69
览,1
桂,1
砖,14
粒,28
委,71
畏,27
求,295
患,55
固,136
杭,30
昌,8
闽,14
粤,1
赣,2
啐,12
呸,32
帖,23
疑,192
拣,9
胖,73
忧,92
忖,29
仆,27
市,30
妄,80
淋,45
漓,26
画,57
拥,30
径,86
迈,38
跨,23
擦,29
宁,96
班,6
超,17
度,65
魂,45
寿,20
适,189
狄,30
扭,49
痉,1
挛,1
最,362
莽,30
值,22
贪,34
唤,39
傅,8
惨,99
厨,12
烹,3
饪,2
冬,17
瓜,69
盅,1
糟,86
鱼,44
馄,28
饨,28
誉,37
达,104
轿,55
骡,39
概,31
狠,118
辣,63
趁,8
防,87
唯,55
愁,28
策,52
守,186
讪,8
筹,23
怯,23
慰,51
午,50
默,62
傍,24
驮,3
悲,66
万,484
剐,11
善,119
匪,22
忘,108
羔,9
袒,8
膛,41
畜,24
恨,111
炸,36
觑,30
佩,172
鸦,20
雀,13
偏,173
室,106
伏,156
哭,153
迷,129
挖,28
困,101
徒,314
念,370
骰,4
博,35
置,90
壁,285
僵,32
推,218
列,43
裸,11
剖,20
霍,13
摧,10
验,12
裹,50
阴,151
爽,39
捉,109
裂,48
绰,13
颓,6
暂,44
君,125
丢,23
烧,69
饰,29
舍,107
玉,383
卷,50
豹,5
劳,319
优,12
纨,3
猝,8
逢,50
仓,17
皇,56
怜,44
灵,1147
旱,3
睁,95
哄,38
蓝,145
皙,1
运,201
投,160
刘,521
怠,8
纷,171
涌,122
锁,17
壮,22
沓,8
拦,69
咽,85
屿,1
肴,7
吸,214
温,42
暖,11
独,243
孤,183
筑,7
眺,8
某,147
谷,560
袅,2
窥,31
择,21
惴,12
睛,122
捣,39
乍,13
屑,10
蓄,19
铮,65
阁,127
配,61
赴,46
缺,25
豪,337
杰,123
造,77
诣,27
迓,1
脊,24
误,61
挽,20
项,23
歉,30
赔,35
圜,4
沧,380
海,462
谨,50
犬,12
赖,71
率,77
攻,360
喂,89
区,16
智,150
勃,32
训,32
感,279
恩,189
肺,9
颠,24
嘻,138
颊,72
晕,116
迅,178
捷,57
锋,65
距,64
鞘,104
呛,25
啷,32
兼,36
锺,3
馗,4
抉,6
援,60
速,91
劈,97
疯,54
踉,15
跄,15
绊,9
跌,70
穴,334
骇,96
燕,10
霎,73
茫,30
措,27
志,38
跪,101
宜,74
唾,7
沫,6
吐,108
梁,82
品,40
猥,14
琐,10
涎,3
煮,17
琵,4
琶,4
串,25
螃,1
蟹,2
粪,8
屎,4
塞,81
效,47
昏,73
魄,26
聆,13
挣,56
扎,48
废,44
窜,34
凹,10
凸,19
诧,58
臀,11
挂,111
撑,45
隙,37
蒙,132
绞,13
顷,71
鸿,3
冥,9
缚,63
赫,18
幸,192
枉,70
跛,3
拐,21
咒,32
挨,48
叮,39
层,40
掳,24
蚊,11
蚋,2
燃,26
穷,64
耽,35
咬,88
齿,54
涧,22
蛙,33
隐,321
凄,56
凉,92
弧,10
池,15
塘,10
呕,46
岭,33
押,11
苦,314
囊,17
饿,34
咕,26
株,31
充,103
饥,7
产,7
庭,10
积,61
返,12
陷,80
汗,68
振,41
乞,17
村,1
嗫,17
嚅,17
食,105
胀,23
农,31
怄,2
帚,28
米,35
胚,7
揍,9
遂,5
踹,10
堆,54
羞,63
懑,1
狼,59
狈,35
棒,37
艰,30
耻,81
摘,16
民,13
粮,11
涂,83
雅,57
境,68
焦,74
瓦,33
砾,2
搁,24
沙,47
畔,48
蹲,17
踌,21
躇,21
褴,6
褛,6
湘,17
撕,87
电,69
巷,50
煤,1
柴,40
屏,23
罚,48
吉,45
毁,35
申,35
霉,30
借,70
献,24
簌,46
缝,39
妙,314
克,72
珍,29
菲,7
罗,107
偿,9
搜,76
刮,13
撬,2
屉,2
乐,140
瞎,137
驴,18
玎,5
珰,3
辞,84
呵,55
欠,21
蒋,1
获,16
涔,30
谋,114
虑,49
咎,3
獠,2
享,26
骗,103
肖,12
宗,218
潜,24
旨,64
令,7204
德,365
健,21
妨,78
豁,18
烘,14
尿,19
籁,6
寂,71
鼾,4
映,32
惕,2
秃,154
茅,15
练,458
诛,40
辨,51
丘,5
畅,44
钞,2
锭,6
阔,16
盒,17
羊,26
脂,13
存,78
觊,5
觎,5
贺,63
僻,20
药,378
膏,10
贴,37
垂,78
镜,16
憎,15
罩,51
驼,106
裨,1
益,37
淅,3
沥,5
笠,3
馆,20
士,172
泡,9
碟,6
聊,31
联,54
浩,13
雁,53
逊,16
娶,85
嫁,40
彭,4
趋,30
炎,6
盼,147
鼎,33
盛,74
辜,29
苍,95
孽,19
迁,7
嫌,36
辈,811
寝,5
宰,30
杞,1
罐,11
钦,30
绸,13
衷,14
测,54
瘦,54
吹,93
户,112
翁,199
逼,176
增,41
伊,4
琴,334
杨,187
秉,3
宋,11
槁,2
披,22
泛,11
拓,4
滩,8
滔,14
帅,30
部,149
残,50
旧,63
瓷,27
倾,58
拢,22
议,97
皆,136
潇,27
曲,467
俗,72
词,29
盹,2
焉,37
伯,978
仲,38
互,66
娇,46
嫩,10
妹,674
嗔,14
轰,68
瞌,2
猴,108
耍,10
批,49
躲,96
罕,58
诉,9
淳,2
朴,9
讷,1
晨,34
陋,30
偶,24
葫,23
芦,24
瘾,5
攀,11
酿,27
甜,23
喏,8
搔,29
腮,6
稽,16
搞,16
跑,28
唷,27
题,32
垢,2
虱,1
涕,11
浓,26
痰,4
馋,4
允,121
嘟,20
授,103
丹,287
田,983
游,160
凌,69
霄,8
撼,1
奥,36
憾,10
嚷,39
楼,107
饮,109
丐,29
栈,2
扰,46
庙,102
祠,7
歇,81
铲,10
诡,61
捶,5
腊,2
陆,288
恰,29
熊,131
奸,107
猾,13
棍,93
悔,39
阻,87
澜,2
梯,9
诫,7
牢,125
谆,9
萃,4
悸,7
违,52
刁,5
顽,14
瞟,1
愠,2
悻,3
祁,3
洱,1
尤,30
诺,250
务,55
勿,20
予,12
介,19
栗,17
讥,30
嘲,17
讽,10
纳,16
课,9
荒,51
疏,33
忌,68
瞥,33
况,82
笈,76
修,153
篇,8
习,126
选,20
寡,27
卒,36
窝,23
岔,17
续,177
潭,3
殿,94
磨,47
碍,55
堪,56
继,64
维,21
筵,7
呈,16
谦,29
夤,5
试,121
演,33
旺,12
栽,16
瓶,39
绽,86
研,35
侍,48
郁,22
狭,10
耿,11
欣,19
痴,37
彦,7
源,42
茂,4
捞,1
绪,11
述,27
治,212
擒,107
哇,39
揖,44
噗,29
哧,5
檐,9
笃,3
锅,13
揭,33
掇,3
俟,3
惮,25
箧,1
偌,13
谱,426
哉,45
睹,25
窍,27
彼,37
旋,40
尼,353
狐,6754
逸,283
庵,101
躬,124
参,109
掠,39
启,23
谎,28
犯,93
姊,221
谣,4
拨,42
仪,1153
琳,740
粉,57
尴,35
尬,35
眶,30
伍,8
犊,1
贻,13
哑,89
邂,1
逅,1
醺,18
腕,138
箍,7
忒,8
伞,4
敝,74
恕,43
执,92
慕,26
简,35
标,5
甘,67
泊,9
赊,3
羹,1
讹,3
诈,20
混,100
丁,118
巾,9
囚,76
弃,74
骚,10
廊,13
魁,20
梧,15
酱,10
茧,2
叩,26
煞,26
耸,15
淫,67
据,42
辩,65
染,12
喘,65
级,21
嘘,10
赐,28
嫉,5
昭,8
彰,10
伦,41
贯,48
补,48
切,143
卑,52
鄙,54
盟,193
巽,2
柏,80
噩,5
喃,40
帘,12
丽,31
袭,65
缁,1
窈,1
窕,1
娉,3
婷,3
盈,2125
媚,11
纤,15
穗,3
刹,23
撩,11
屹,1
森,60
证,444
衅,7
霜,4
朵,30
腑,9
醋,12
勉,83
巨,40
详,48
涉,27
资,24
躁,26
唆,20
澈,4
呜,36
唬,15
诳,3
菩,78
鉴,13
诚,74
判,26
纯,45
瑕,3
泞,6
苔,4
溪,24
慈,46
戒,325
嫡,5
蛮,8
恃,16
针,97
渡,20
夺,137
扳,19
卡,1
卜,13
嵌,4
黯,11
拭,16
哽,24
趣,53
贞,6
椎,10
啸,21
哦,18
吁,40
腥,15
胶,23
敷,33
幅,25
柔,99
斩,81
坚,75
绵,40
睬,42
询,24
谅,39
乒,18
乓,18
括,17
恍,37
瘪,3
遁,3
导,18
哩,12
注,76
伶,25
俐,10
莞,5
尔,49
期,36
鸭,7
永,60
乖,86
倔,10
荤,10
律,56
诬,4
虾,7
洒,36
泫,2
腐,18
嗜,4
屡,3
眩,17
讳,8
讲,55
傻,21
砒,2
蛇,39
编,8
权,52
峰,451
渗,14
谊,22
伺,6
骛,4
胳,5
谬,6
驷,4
锤,37
炼,18
蝇,12
擅,29
订,2
靥,3
鲁,69
氓,13
监,36
噢,1
帝,40
擂,14
奖,10
嗒,23
刎,14
卓,14
玄,13
递,69
晶,8
莹,4
夷,25
揽,6
酷,17
龄,7
夸,19
驳,14
私,43
印,57
幕,8
瞬,34
孟,1
胁,56
描,9
谩,1
逾,17
匠,20
锐,25
肌,47
忆,15
噫,6
窘,7
衍,10
搪,4
迄,4
倍,40
抑,20
肠,29
贸,18
慨,11
慑,13
髓,9
圆,77
肥,36
庐,1
臃,3
敏,16
吞,78
坠,7
预,34
浅,47
炽,2
宇,6
荣,33
炫,1
霆,5
童,176
渊,29
峙,5
沟,1
船,167
哎,22
翠,35
捋,6
詈,2
绘,12
灿,16
眈,2
诌,8
扁,14
磊,21
沛,13
诋,1
努,12
咄,10
辛,69
苗,40
晰,8
浸,23
诱,18
荷,15
艳,22
倪,14
梦,71
锥,21
悦,42
寞,15
钟,271
纠,18
佝,3
偻,3
央,4
仃,3
剃,27
窟,11
窿,11
吠,5
窄,37
姐,170
鸳,7
鸯,6
栩,2
梳,11
妆,4
绯,1
腼,11
腆,10
眯,5
妖,112
娆,2
抿,10
妓,38
贱,9
宣,18
棉,19
圣,199
吝,4
炭,7
恻,9
丸,91
屠,17
佳,32
疗,27
痊,13
赢,45
狱,29
呻,20
匀,9
亵,6
渎,7
咯,8
俏,10
嗲,3
著,11
劭,3
骐,2
暇,29
嗖,3
旷,19
鸨,1
俬,1
瑟,8
氅,2
蜂,7
嫖,7
宿,55
娼,8
操,22
窒,13
搂,16
缕,3
婚,32
帽,15
蚀,4
章,18
甫,30
沸,8
疼,35
豫,24
狰,4
狞,14
蔼,3
限,46
遵,47
睽,8
霞,95
韧,6
升,35
昔,44
叙,8
契,2
冠,7
驻,7
末,23
慧,12
郎,44
征,5
录,30
恪,3
诲,17
阿,49
陶,6
钧,7
蹙,6
蹑,6
乏,9
抹,36
费,158
吵,27
啼,8
拒,27
垫,10
圃,2
坳,17
捧,47
疲,15
肢,47
痒,22
忸,14
怩,14
恢,9
亩,2
巅,6
蝉,4
鸣,36
岗,10
踟,1
蹰,1
燥,5
祷,11
蒂,5
轮,16
晴,2
嗅,11
宵,8
谜,4
剔,2
汁,4
渴,17
虹,17
瀑,31
猿,5
歪,22
履,21
泻,17
伴,28
苟,6
悠,23
禅,606
释,27
倦,11
虫,52
惑,18
泣,22
瞅,1
艾,2
诵,29
喻,13
读,58
竺,2
僧,111
伽,3
犁,4
耕,2
医,132
婴,6
御,58
奏,96
陛,1
亭,132
搽,5
裁,3
玲,1
珑,1
凤,147
銮,1
芳,8
晏,4
眠,4
辉,4
煌,3
亿,1
漂,6
莲,123
杖,67
械,1
枷,1
检,17
蟒,2
螟,2
蝎,4
掣,2
降,48
雹,2
澍,2
厄,8
虔,5
灾,17
祈,8
挚,12
逆,34
阶,6
胎,13
暄,1
巳,3
鳌,4
夏,11
婿,39
峡,13
砂,4
潘,3
吼,25
卢,3
藉,12
伕,11
役,18
铳,4
锣,12
崭,2
员,13
绅,7
衙,4
轴,11
廷,11
族,2
巢,6
卵,4
党,6
臣,8
诏,1
曰,4
县,5
桑,20
梓,21
娴,3
职,12
朕,5
培,5
捻,2
泽,28
袱,14
哂,1
晋,11
爵,6
芝,6
零,34
贿,4
禄,7
典,98
楣,1
碌,14
仕,3
宦,4
缀,3
逍,8
遥,30
什,4
柬,2
函,2
惩,6
贷,6
播,4
延,27
桓,5
杠,1
蝴,1
蝶,1
菁,5
眷,20
矜,1
飒,3
恫,6
彬,113
仅,22
晒,7
蜮,4
伎,5
肮,3
龌,5
龊,5
塔,8
鹤,20
荫,5
裕,9
戕,13
谓,19
臻,3
歧,13
弦,42
箫,126
霁,1
伪,20
萧,18
帛,3
蜜,11
侃,4
捐,3
棋,85
泉,53
弥,43
叛,45
轩,13
恂,2
肝,11
尝,37
陀,54
鹘,6
娱,4
綦,2
佻,3
示,81
戈,9
禽,4
拟,8
控,3
铩,2
哲,2
芹,14
遏,10
佑,17
迂,3
萤,11
纱,7
烁,16
眨,16
冻,8
彻,21
拈,8
曳,3
臊,3
韵,17
亢,4
岩,12
谐,5
瑶,23
锵,4
伐,3
婉,4
繁,32
贲,2
愚,13
殉,12
讶,15
溺,13
嵇,13
康,17
刑,22
陵,21
瘁,1
淌,2
岸,64
崖,310
殆,9
戮,10
俘,6
痨,1
睦,5
俺,13
魅,12
诗,26
册,22
瞑,6
寄,3
A,4
庄,262
司,36
矣,18
坟,17
墓,17
邕,2
敛,7
迸,10
糕,35
噤,7
蹋,12
揣,10
砌,4
儒,5
蕴,9
杳,2
堵,16
晓,30
熬,13
恙,9
朽,41
窖,9
柱,30
拘,31
炮,10
召,14
煎,7
憔,11
悴,11
桩,19
殓,1
雇,10
艘,9
厝,1
葬,27
旬,3
咭,7
序,14
例,10
嘤,4
淙,6
琢,9
羡,9
缭,4
织,7
梭,2
赳,2
杜,29
撰,12
癫,19
恁,7
懈,5
缡,2
呶,1
穆,5
,1
赦,12
妒,4
仁,40
蹬,3
沽,5
谴,1
磋,8
赵,14
郝,2
篮,30
赛,6
茹,1
津,6
膳,2
铅,3
鹅,3
暮,12
芒,24
颐,5
钵,6
羁,12
岫,2
蜚,2
恋,22
咙,11
剂,2
呓,1
粽,17
箬,1
馅,1
菇,7
菌,1
瓣,2
滋,30
笨,26
粘,12
吾,2
淑,5
驭,2
涛,5
颚,13
唐,13
碧,14
铸,29
惟,9
歌,38
砸,38
骷,8
髅,8
骸,9
斧,32
虞,14
篑,1
凿,17
毅,7
蜷,3
甬,2
棱,4
弩,10
诅,5
组,8
矛,4
寥,20
甩,15
稔,3
胫,4
棵,7
唠,9
叨,11
涩,11
沮,7
徘,1
徊,1
窦,11
侥,20
箸,1
倜,4
傥,4
譬,2
烫,2
湛,9
蓬,14
仄,10
漠,29
倩,3
裙,8
峭,16
怿,2
勤,17
殷,13
袂,1
赎,9
估,2
捡,13
仿,2
网,54
鬓,4
撄,1
稻,3
嚓,1
键,7
盯,5
纲,4
轾,1
淆,1
疤,8
扣,32
钮,1
喟,4
奠,2
巍,8
惋,4
箩,2
谪,5
篦,1
醇,10
沾,13
汾,8
绍,6
矫,16
溢,6
涨,4
坦,11
捕,6
摊,7
忤,3
睨,6
扠,2
肋,8
诞,3
枚,71
蔓,1
阱,35
驯,4
融,26
亟,5
俾,1
钓,2
慎,7
畸,1
耆,6
凋,4
嘉,6
扼,9
膻,18
坎,5
抒,4
眸,4
甲,7
丙,4
庚,4
癸,2
兑,3
孺,2
析,4
怡,4
萎,2
靡,5
揉,4
廿,27
鳞,5
翼,11
狡,14
谲,3
炯,18
阐,2
蹈,12
辙,4
疚,1
攸,1
懊,9
寐,2
戟,13
锏,3
橛,1
蛾,3
槌,1
链,83
渔,30
滞,12
掺,2
宠,13
篡,10
纹,19
钳,1
踝,9
叽,22
噜,10
剪,6
稚,7
橘,3
蚂,6
蚁,10
桃,1269
励,3
戾,9
澄,10
疮,1
轶,2
婊,2
蔑,6
噪,4
绌,5
悚,8
颁,3
兹,5
谒,2
腋,13
耙,1
爿,1
俄,1
烤,15
蒸,15
炙,8
液,14
厥,2
络,16
肾,4
症,9
（,11
）,11
搅,10
懵,2
胱,1
奄,14
鳍,1
壳,12
喋,2
撤,19
页,21
挠,8
丫,7
纭,3
统,70
卤,3
唣,3
恓,2
粥,4
蘸,10
缴,2
炕,7
锯,18
汝,2
浆,12
拄,3
懿,1
峦,1
绑,36
逮,2
蒲,18
鸠,2
阙,2
脘,2
咚,15
狯,5
洽,1
跋,6
籍,4
勘,2
坑,15
辆,15
韦,1
娓,4
魇,2
竞,3
浴,2
缨,1
滂,1
沱,1
虐,2
镔,6
昧,9
牺,3
牲,5
秦,111
寨,12
塌,14
狸,2
赠,15
赃,3
箕,2
胛,2
脐,2
酣,13
扩,2
舟,41
斫,3
攒,13
框,3
悯,6
拷,2
践,3
瀰,3
潸,1
怼,3
悭,2
莆,10
偕,5
阑,1
酩,1
酊,1
乜,1
袄,2
矍,5
铄,5
崇,10
抡,1
辔,2
款,9
宴,7
奢,1
甥,1
惺,7
忪,1
逛,9
幺,1
票,1
掂,3
帷,20
臼,7
篆,4
墨,24
楷,3
孰,1
憧,2
卦,6
姻,7
篾,9
蜗,1
慷,5
卉,1
簇,10
湮,4
庆,7
惠,13
陌,2
障,6
铭,4
润,5
梢,14
砚,2
桐,18
吕,3
蕤,2
凰,106
遑,2
贩,2
冶,1
俚,3
淹,3
舱,42
码,6
簪,1
篙,1
缆,2
驶,10
捺,5
巩,1
阎,6
寓,2
癖,1
鹏,1
浊,2
喁,2
躯,3
瞻,7
铠,1
邦,35
唔,12
拗,12
啰,9
萝,4
磁,9
嚏,1
诊,5
灸,2
嗄,2
需,4
锚,5
阂,1
兰,7
棚,70
匣,6
鸽,16
鹿,3
茸,2
糖,1
饯,1
贡,3
萍,1
逖,1
皿,3
旅,7
琥,1
珀,1
冽,2
犀,4
葡,15
萄,15
虏,5
匈,2
奴,4
粱,14
禹,4
藤,19
翡,10
绫,2
柿,2
琉,4
璃,4
螺,6
樊,2
哙,1
盾,15
镂,1
斓,3
檀,3
咀,4
咂,1
咸,2
篷,6
球,40
巫,6
苓,2
麝,1
湍,2
航,3
啮,4
愫,3
侦,1
冈,72
菏,2
幡,3
扛,3
崎,4
岖,4
枣,6
睫,7
愆,2
篓,19
瘤,1
赋,2
倨,2
拼,4
曙,3
货,12
罴,1
趾,7
帆,8
腻,5
焕,3
瘴,1
蛊,5
拊,2
聘,1
蜈,5
蚣,5
蜘,5
蛛,5
唿,2
哨,17
踞,3
蠕,2
蛭,24
吮,2
绷,8
蟾,2
蜍,2
胭,1
艄,5
舵,4
咋,2
瞄,2
芥,2
钹,5
眇,10
鳅,8
垓,6
岛,28
佯,2
嘀,4
辚,4
恚,1
莠,1
科,3
髯,22
蛟,29
鲸,2
沼,1
剿,1
鄱,2
妞,9
遄,2
戛,1
臆,3
昆,31
仑,30
谭,20
帜,4
妾,7
絮,7
迪,7
·,6
涯,12
侏,1
塑,2
蟠,4
搀,1
衲,74
汹,4
渠,2
吆,23
惫,2
咛,2
偎,5
爸,8
嘎,3
莺,1
吻,5
仞,4
邑,1
盲,12
嫂,39
域,18
酬,4
棘,5
庞,6
皓,4
赘,1
届,7
啜,2
惘,7
鸩,1
澎,2
湃,2
摩,34
楞,3
谛,5
晤,4
梵,5
辅,3
佐,1
靖,2
钤,1
阕,2
谕,4
育,6
泯,5
鸾,1
铃,8
憩,1
癯,1
酌,5
睥,1
撅,2
革,16
乙,11
墟,1
叠,13
椽,2
麦,2
桥,20
蹚,2
芙,10
蓉,10
蝗,2
撮,2
缛,2
藓,1
蜿,3
蜒,3
笙,1
堤,4
梅,98
署,5
镶,2
植,2
孜,4
琅,1
咪,2
奘,1
焰,7
暑,4
京,2
柯,2
骊,6
弈,9
薪,2
姥,6
麓,2
媪,1
沁,1
档,3
企,8
旭,11
阖,2
韩,1
佚,1
敞,2
僭,2
符,2
遽,1
裴,7
卿,1
恣,1
磔,1
濛,1
枰,23
簸,1
姗,2
悼,2
伫,1
弛,2
聋,18
奚,2
柜,11
姬,1
暧,2
遐,1
钥,11
匙,12
轧,6
碑,1
锈,12
枢,1
隘,3
铐,25
镣,13
焚,7
纶,1
跶,4
褪,1
煨,1
潦,3
怅,2
渺,3
,1
饧,1
溉,1
炱,1
,1
萌,3
龋,1
,1
憷,1
 ,1
缜,2
贮,5
蹻,4
捱,1
澡,1
惆,1
鲍,87
薛,6
贰,2
辖,3
擞,1
佞,1
撵,2
荐,1
彀,3
队,23
麾,5
葵,54
噬,4
虬,14
尉,1
馁,3
縻,1
唧,6
泓,1
绎,6
嗦,6
淬,1
炷,2
蹒,1
跚,1
喳,10
绢,69
浇,3
诨,2
昼,2
晖,1
萼,83
啧,6
蔬,2
咤,2
佣,2
邓,15
诿,1
撺,1
彷,3
徨,3
踽,2
兢,2
喽,4
姨,2
嚎,1
槐,1
瓮,3
鳖,3
杓,1
荏,1
暾,1
霭,2
馒,2
涣,2
璧,1
昵,1
屜,1
磬,33
忏,3
镯,1
蟋,2
蟀,2
袈,51
裟,51
剌,4
鲤,2
怫,2
债,4
蒿,1
枭,8
癞,1
挞,2
牧,2
审,1
簧,10
桕,1
剁,4
冕,1
窑,14
倡,2
冀,1
销,6
匿,1
孱,1
噎,9
鸷,1
儇,1
扈,2
咿,2
坪,8
襄,3
购,3
呐,12
偃,2
佬,1
堡,1
垒,2
弭,3
填,4
膺,2
簿,1
盐,1
朔,1
缸,2
氛,2
笋,1
挢,2
歼,6
蛰,1
埒,1
矢,1
谑,2
辄,1
颖,1
嚣,3
驽,1
魏,4
雌,2
馨,3
疽,1
俦,3
溃,1
忝,2
畴,1
炬,1
缔,2
曼,1
缪,1
膜,2
漾,1
桀,4
骜,2
嫣,7
谀,6
釜,1
毋,1
饵,1
飕,2
闵,1
渝,5
荼,2
协,10
攘,1
吏,2
蝼,1
叟,1
踩,3
皑,2
崆,9
峒,9
您,1
婢,1
衽,1
瞠,1
缥,1
缈,3
郭,2
崛,1
疆,1
胞,3
诽,1
谤,1
蹇,1
粟,1
栏,3
轨,4
冉,2
赂,2
厘,2
硫,1
磺,1
硝,2
娈,1
稼,2
毡,1
姜,1
愣,1
廉,1
猩,2
闸,1
彪,1
颂,8
呯,5
颟,2
顸,2
壤,1
玫,1
瑰,1
孕,1
牡,1
潞,1
殒,2
瞳,1
皎,1
睾,1
嶽,1
玷,2
侈,1
憋,2
嘭,1
蓓,1
蕾,1
屣,1
畿,1
壑,2
怂,3
恿,3
宥,2
徇,1
咫,2
掬,1
祭,2
翳,1
皋,1
圭,2
玑,82
搧,1
髻,3
猬,1
瞩,2
螫,1
妩,1
鹄,1
喙,1
俨,1
讧,1
戎,2
谄,2
锻,1
岱,7
廪,3
伥,1
樱,1
惚,3
缅,1
煦,1
隽,1
弊,1
汇,3
芜,1
妮,1
烩,1
鹗,5
杏,1
猱,1
嗥,2
叵,1
溶,4
匡,1
呷,2
悖,1
辕,2
摄,1
寇,1
垆,1
璋,1
沦,1
券,1
歃,1
恸,1
芬,1
茁,1
芽,2
羚,1
拧,1
捆,2
揩,1
侣,3
鲠,1
痣,1
崩,5
啕,1
皂,1
皈,2
售,1
谶,1
阉,2
醮,1
—,26
妁,1
咧,1
驿,1
奁,1
哒,2
磷,1
螳,2
螂,2
舀,1
暨,1
秩,1
厦,1
擎,1
隶,1
殚,1
亨,1
霖,1
疙,1
瘩,1
缒,2
梗,1
樵,1
镗,10
唢,1
铙,1
谏,1
译,1
帔,2
秾,1
怏,2
政,11
漩,1
涡,1
社,1
舆,1
黜,1
○,1
